HOSPITAL,AVG_BODE_SCORE,AVG_BODE_RISK,NUM_PATIENTS
ST.LUKE'S,2.9146341463414633,64.21951219512195,164
SAINT LOUIS UNIVERSITY,3.0365853658536586,63.542682926829265,164
BJC,2.972826086956522,63.29347826086956,184
MISSOURI BAPTIST,2.8260869565217392,64.9192546583851,161
BJC WEST COUNTY,2.8771929824561404,63.98245614035088,171
ST.MARY'S,2.8974358974358974,64.22435897435898,156
